Egg Fried Rice,https://cmx.weightwatchers.com/details/MEMBERRECIPE:61f2a69ca2fce919ba83defe
Breakfast Souffle,https://cmx.weightwatchers.com/details/MEMBERRECIPE:61f2d4d56f8332240fa42601
Pasta Carbonara,https://cmx.weightwatchers.com/details/MEMBERRECIPE:61f3ed50959de33dd4697f3a
Breakfast Baked Potato,https://cmx.weightwatchers.com/details/MEMBERRECIPE:61f3f3b91264913dd3de9d8d
Coffee Shop Sous Vide Bites,https://cmx.weightwatchers.com/details/MEMBERRECIPE:61f3f4871101783d9ff737df
Breakfast Casserole Muffins,https://cmx.weightwatchers.com/details/MEMBERRECIPE:61f3f89c8d493c38061b8298
The Perfect Hard Boiled Egg,https://cmx.weightwatchers.com/details/MEMBERRECIPE:61f3f91f371bdc4080f7a2cc
Pepper and Egg Taquitos,https://cmx.weightwatchers.com/details/MEMBERRECIPE:61f3f9f51712453889cd8b42
Baked Potato Hashbrowns,https://cmx.weightwatchers.com/details/MEMBERRECIPE:620a62d10d232a656948f3be
Eggs in Purgatory,https://cmx.weightwatchers.com/details/MEMBERRECIPE:61f3fc51a0e32f3566afe292
Green Eggs and Ham,https://cmx.weightwatchers.com/details/MEMBERRECIPE:61f3fd7d59db6a3dcf65d0c9
Best Buffalo Chicken Chili,https://cmx.weightwatchers.com/details/MEMBERRECIPE:61f4011502e7f6374add0d14
Kfc Chicken Nuggets,https://cmx.weightwatchers.com/details/MEMBERRECIPE:61f402ce73d62341a8778dc5
Chicken Tenders,https://cmx.weightwatchers.com/details/MEMBERRECIPE:61f5ba7cdfcfca6779915d36
Chicken Tikka Masala,https://cmx.weightwatchers.com/details/MEMBERRECIPE:61f5bc62186b816c66dc0434
Spicy Chicken Meatballs with Creamy Curry Sauce,https://cmx.weightwatchers.com/details/MEMBERRECIPE:61f5bf09a2aacc56da1ffe3e
Artichoke Spinach Dip Stuffed Chicken Breast,https://cmx.weightwatchers.com/details/MEMBERRECIPE:61f5c2f3620ee454d13920cd
Blackened Chicken Pita,https://cmx.weightwatchers.com/details/MEMBERRECIPE:61f5c564fa7f7d58a0766d31
Kung Pao Sloppy Joes,https://cmx.weightwatchers.com/details/MEMBERRECIPE:61f5c7ec9ef14258f1b2cc4e
Buffalo Garlic Glazed Chicken Nuggets,https://cmx.weightwatchers.com/details/MEMBERRECIPE:61fbea5ba0210065609070f4
Skillet Honey Mustard Chicken,https://cmx.weightwatchers.com/details/MEMBERRECIPE:61f5ca667f213c549dfaa448
Chicken Soba Noodle Soup with Lemon and Dill,https://cmx.weightwatchers.com/details/MEMBERRECIPE:61f5cbb8b5f9c258bd75f3c8
Simple Crispy Tacos,https://cmx.weightwatchers.com/details/MEMBERRECIPE:61f7ec06a5c5aa0e0a3dd6c5
Perfect Turkey Burger,https://cmx.weightwatchers.com/details/MEMBERRECIPE:61f7eccf606006131dd9bfbd
Chicken Enchilada Zucchini Boats,https://cmx.weightwatchers.com/details/MEMBERRECIPE:61f7edb32e62070cc597b272
Green Chili Enchiladas,https://cmx.weightwatchers.com/details/MEMBERRECIPE:61f7ee36461dc90ef8ccfa23
Chicken Enchilada Soup,https://cmx.weightwatchers.com/details/MEMBERRECIPE:61f7ef5f41ac6f77f89f82dc
Turkey Sloppy Joes,https://cmx.weightwatchers.com/details/MEMBERRECIPE:61f7f061ffbab17fd0b5e0fc
Turkey Burger Sliders,https://cmx.weightwatchers.com/details/MEMBERRECIPE:61f7f22824520f7d2babac31
Bbq Turkey Burger,https://cmx.weightwatchers.com/details/MEMBERRECIPE:61f7f3a077e03a257d46a1f8
Jennie-O Turkey Kielbasa with Mustard Maple Glaze,https://cmx.weightwatchers.com/details/MEMBERRECIPE:61f7f4116de2232397579e04
Ricotta Pan Pasta with Jennie-O Turkey Meatballs,https://cmx.weightwatchers.com/details/MEMBERRECIPE:61f7f505a6f95123cd8b4e23
Asian Zing Chicken Nuggets,https://cmx.weightwatchers.com/details/MEMBERRECIPE:61f7f6550851370319c97332
Chicken Black Pepper Stir Fry,https://cmx.weightwatchers.com/details/MEMBERRECIPE:61f7f876d1200c713593bf8f
Pot Stickers,https://cmx.weightwatchers.com/details/MEMBERRECIPE:61f7fa3c4deaa20e659ae077
Pork Chop with Spinach and Mushroom Sauce,https://cmx.weightwatchers.com/details/MEMBERRECIPE:61f9375993feb1273b284faf
Pork Medallions with Cheesy Polenta and Honey Mustard Pan Sauce,https://cmx.weightwatchers.com/details/MEMBERRECIPE:61f9392b4103a01e2431c83f
Bahn Mi Sandwich with Pickled Veggies,https://cmx.weightwatchers.com/details/MEMBERRECIPE:61f93aec58f312227038c84f
Tajin Pork Tacos with Black Beans,https://cmx.weightwatchers.com/details/MEMBERRECIPE:61f93c1aa623211f9410eb1a
Pork Ragu,https://cmx.weightwatchers.com/details/MEMBERRECIPE:61f93d2347894c11a9a403bf
Pork and Brie Flautas,https://cmx.weightwatchers.com/details/MEMBERRECIPE:61f93df5fa3c111f4c853ea4
Pork and Skillet Kraut,https://cmx.weightwatchers.com/details/MEMBERRECIPE:61f93e8044c98b440305f4e9
Skinny Creamed Spinach Stuffed Pork Chops,https://cmx.weightwatchers.com/details/MEMBERRECIPE:61f93ff52bed5e3fdd3ae239
20-Minute Posole,https://cmx.weightwatchers.com/details/MEMBERRECIPE:61f941237d25ce3b4c314937
Zucchini Lasagna with Pork Ragu,https://cmx.weightwatchers.com/details/MEMBERRECIPE:620d829895bbeb1208d6e598
Pork and Mushroom Wontons,https://cmx.weightwatchers.com/details/MEMBERRECIPE:61f9449b301b0c2831e3b411
Korean Pork Bbq Sauce Lettuce Cups,https://cmx.weightwatchers.com/details/MEMBERRECIPE:61fa90f71ac201444d4c7efa
Pork Chops with Cranberry Sauce,https://cmx.weightwatchers.com/details/MEMBERRECIPE:61fa9231cbe05d7b16e623a6
Peppered Pork Udon Noodle Stir Fry,https://cmx.weightwatchers.com/details/MEMBERRECIPE:61fb19bc1ef0d97cb83a57ae
Pork Marsala with Pasta,https://cmx.weightwatchers.com/details/MEMBERRECIPE:61fb1acf1b5d825709bac29f
Pork Jalapeno Popper Tacos,https://cmx.weightwatchers.com/details/MEMBERRECIPE:61fb1baa58da114c0904fe16
Asian Takeout Night. . . in! (Pork Potstickers),https://cmx.weightwatchers.com/details/MEMBERRECIPE:61fb1c6d77827252792e3d5f
Pork and Apple Breakfast Sausage,https://cmx.weightwatchers.com/details/MEMBERRECIPE:61fb1d1ca9905e4a50689c54
Baked Spaghetti with Meatballs,https://cmx.weightwatchers.com/details/MEMBERRECIPE:61fb1e4b61ce38757cfb975b
Poor Man's Lobster Roll,https://cmx.weightwatchers.com/details/MEMBERRECIPE:61fbd9ffb032ae593906a604
Shrimp and Polenta,https://cmx.weightwatchers.com/details/MEMBERRECIPE:61fbdab9a55ae009ec611066
Bang Bang Shrimp Salad,https://cmx.weightwatchers.com/details/MEMBERRECIPE:61fbdd05a810c41660d80379
Buffalo Shrimp and Grits,https://cmx.weightwatchers.com/details/MEMBERRECIPE:61fbddba515e246019645c1d
Brown Rice Risotto with Shrimp,https://cmx.weightwatchers.com/details/MEMBERRECIPE:61fbdf3382cbf1590502815e
Coconut Shrimp,https://cmx.weightwatchers.com/details/MEMBERRECIPE:61fbdfddd8bc22781704c225
Shrimp and Grits with Zucchini,https://cmx.weightwatchers.com/details/MEMBERRECIPE:61fbe080b5e18f5c7e11f739
New Orleans Bbq Shrimp,https://cmx.weightwatchers.com/details/MEMBERRECIPE:61fbe11c1029dd6439e89940
Shrimp and Snap Pea Wontons,https://cmx.weightwatchers.com/details/MEMBERRECIPE:61fbe1b67694ab6323e088d9
Shrimp and Avocado Wonton Bites,https://cmx.weightwatchers.com/details/MEMBERRECIPE:61fbe2a239d18901d80a7e6d
Shrimp and Green Bean Stir Fry,https://cmx.weightwatchers.com/details/MEMBERRECIPE:61fd346ca6eb8434f5db2539
Scallop Pasta with Garlic White Wine Sauce,https://cmx.weightwatchers.com/details/MEMBERRECIPE:61fd35e08b725d282cc5c3b7
Seared Scallops Over Parmesan Pea Pasta,https://cmx.weightwatchers.com/details/MEMBERRECIPE:61fd3669aed85977d6dbc2ff
Nashville Hot Shrimp and Grits,https://cmx.weightwatchers.com/details/MEMBERRECIPE:61fd376b7ff79f779e6e9727
Salmon Cakes with Spicy Apricot Dip,https://cmx.weightwatchers.com/details/MEMBERRECIPE:61fd39b6e59956785df91692
Broccoli Rabe and Shrimp Lo Mein,https://cmx.weightwatchers.com/details/MEMBERRECIPE:61fd3b66a05b626ed3b36046
Thai Shrimp Noodle Soup,https://cmx.weightwatchers.com/details/MEMBERRECIPE:6201a5e2af91732ca1a4487b
Mac N Cheese with Greek Yogurt,https://cmx.weightwatchers.com/details/MEMBERRECIPE:6201a7c7104fd8607157e028
Skinny Queso,https://cmx.weightwatchers.com/details/MEMBERRECIPE:6202fdd0fb670675f80c9d8d
Cauliflower Mac N Chese,https://cmx.weightwatchers.com/details/MEMBERRECIPE:6202febc18bf3613c7e3e662
Delicata Squash Pasta Sauce,https://cmx.weightwatchers.com/details/MEMBERRECIPE:6202ff7c676b745fdd0d8f5d
Goat Cheese Pasta with Meatballs,https://cmx.weightwatchers.com/details/MEMBERRECIPE:620300af0a28fb609aecab73
Cottage Cheese Pancakes,https://cmx.weightwatchers.com/details/MEMBERRECIPE:6203024eea72b876215925ee
Broccoli Cheese Soup,https://cmx.weightwatchers.com/details/MEMBERRECIPE:6203038bb3d11e46661814fb
Pumpkin Mac N Cheese,https://cmx.weightwatchers.com/details/MEMBERRECIPE:62043fa08f57b706f413b850
Vicâ€™S Lemon Curd,https://cmx.weightwatchers.com/details/MEMBERRECIPE:6204403bc9d99408726a2cb0
Jalapeno Corn Fritters,https://cmx.weightwatchers.com/details/MEMBERRECIPE:6204413e8ceedd097d2920f4
Healthy Costco Chicken Bake,https://cmx.weightwatchers.com/details/MEMBERRECIPE:620443907d4ad609f277abd8
Potato Chips and Jalapeno Ranch Cheese Dip,https://cmx.weightwatchers.com/details/MEMBERRECIPE:620449493af9c4088a4c0e7c
Zucchini Gratin,https://cmx.weightwatchers.com/details/MEMBERRECIPE:62068ee776df43300951a86b
Spicy Sweet Potato Puree,https://cmx.weightwatchers.com/details/MEMBERRECIPE:62068ffbc3c5fa314868cae6
Buffalo Cauliflower Bites,https://cmx.weightwatchers.com/details/MEMBERRECIPE:620691758993772ea78940e7
Butternut Squash Twice Baked Potatoes,https://cmx.weightwatchers.com/details/MEMBERRECIPE:62069323438f7439fcf1dfc9
Chopped Broccoli Salad,https://cmx.weightwatchers.com/details/MEMBERRECIPE:6206941021b0713334769fcf
Pasta with Zucchini and Corn,https://cmx.weightwatchers.com/details/MEMBERRECIPE:620a5d1d20ce2f653673a698
Perfect Scalloped Potatoes,https://cmx.weightwatchers.com/details/MEMBERRECIPE:620a5d9f2b9374767150cd62
Mini Veggie Quiche,https://cmx.weightwatchers.com/details/MEMBERRECIPE:620a5ef23264bd6457996e41
Zucchini Lasagna Roll Ups,https://cmx.weightwatchers.com/details/MEMBERRECIPE:620a5f8e9acd0b649cb766e3
Spicy Tomato Soup,https://cmx.weightwatchers.com/details/MEMBERRECIPE:620a60445b5a1d5e502a2d99
Stovetop Sauerkraut,https://cmx.weightwatchers.com/details/MEMBERRECIPE:620a610aa2ad5b65008b6822
Spinach Waffles,https://cmx.weightwatchers.com/details/MEMBERRECIPE:620a61afe75aeb63dac3a82f
Sweet Potato and Gruyere Cheese Gratin,https://cmx.weightwatchers.com/details/MEMBERRECIPE:620a620cb14de0612cc2588a
Mini Falafel,https://cmx.weightwatchers.com/details/MEMBERRECIPE:620a626aa87232323d5b7278
Potato Pancakes,https://cmx.weightwatchers.com/details/MEMBERRECIPE:620a62aa3de8bb64f818bccb
Pickled Radishes,https://cmx.weightwatchers.com/details/MEMBERRECIPE:620a631d0b183e5ea2042b9b
Meatless Breakfast Casserole,https://cmx.weightwatchers.com/details/MEMBERRECIPE:620a6455be2e0764c5816589
Black Bean and Barley Chili,i think we took this recipe out
Black Bean Burgers,https://cmx.weightwatchers.com/details/MEMBERRECIPE:620a650a1a3fbd32589fb085
Black Bean Dip,https://cmx.weightwatchers.com/details/MEMBERRECIPE:620a65acb1632e64373dcc55
Zucchini Beef Sliders,https://cmx.weightwatchers.com/details/MEMBERRECIPE:620a6623ff80986b2689392d
Orange Tofu,https://cmx.weightwatchers.com/details/MEMBERRECIPE:620a66dd9b12a35ffe03b6ef
Lemon Pepper Tofu,https://cmx.weightwatchers.com/details/MEMBERRECIPE:620a67789cf56b667e06fb93
Crispy Buffalo Tofu Bites,https://cmx.weightwatchers.com/details/MEMBERRECIPE:620a680e4e5130621ca35296
Crispy Tofu Tacos,https://cmx.weightwatchers.com/details/MEMBERRECIPE:620a689cce87e061cb43d44c
Thai Tofu Chili Noodle Bowl,https://cmx.weightwatchers.com/details/MEMBERRECIPE:620a6a7d5ba4c55940be7ea7
Tofu and Avocado Toast,https://cmx.weightwatchers.com/details/MEMBERRECIPE:620a6aeec458f36085ef336c
Mapo Tofu,https://cmx.weightwatchers.com/details/MEMBERRECIPE:620a6c5d7df459632d89212e
Red Pepper Jelly Glazed Tofu,https://cmx.weightwatchers.com/details/MEMBERRECIPE:620a6cf48f8da75f299824f7
Shrimp and Tofu Stir Fry with Ginger Sriracha,https://cmx.weightwatchers.com/details/MEMBERRECIPE:620a6dbec6a4856ae4dc44c2
Peanut Tofu Stir Fry,https://cmx.weightwatchers.com/details/MEMBERRECIPE:620a6e62ef8bd9641cd120db
French Dip Beef,https://cmx.weightwatchers.com/details/MEMBERRECIPE:620bb014aacb7e74b13ced31
Beef Stroganoff,https://cmx.weightwatchers.com/details/MEMBERRECIPE:620d2756c2794d08c06f7687
Italian Beef Pizza,https://cmx.weightwatchers.com/details/MEMBERRECIPE:620d27bad7072b0883ec6123
Cheaters Beef Ragu,https://cmx.weightwatchers.com/details/MEMBERRECIPE:620d28774c6943079324c508
Loaded Fries,https://cmx.weightwatchers.com/details/MEMBERRECIPE:620d296ee7fca40831ff1d2a
Beef and Refried Bean Taquitos,https://cmx.weightwatchers.com/details/MEMBERRECIPE:620d29bd2c5d93075c7f3990
Beef Hash,https://cmx.weightwatchers.com/details/MEMBERRECIPE:620d29f5aaed02081d615e6f
Salisbury Steak Meatballs,https://cmx.weightwatchers.com/details/MEMBERRECIPE:620bb2c7dcef1975fd9e56e9
Beef Lo Mein,https://cmx.weightwatchers.com/recipe-builder/MEMBERRECIPE:620bb4166b7c2d71d8131d01
Deconstructed Steak and Potatoes,https://cmx.weightwatchers.com/details/MEMBERRECIPE:620bb52fbadc2278314c1b30
Spicy Thai Red Curry Beef,https://cmx.weightwatchers.com/details/MEMBERRECIPE:620bb60316fbaf7cb9f28d46
Mongolian Beef,https://cmx.weightwatchers.com/details/MEMBERRECIPE:620bb71ecd4a297706b2e0f3
Buffalo Burger Salad,https://cmx.weightwatchers.com/details/MEMBERRECIPE:620bb69e2df79770e40b8fa7
Italian Beef Sandwich,https://cmx.weightwatchers.com/details/MEMBERRECIPE:62574ac492df2e0b7f26165d
